Q126286048	PASS
Q676585	PASS
Q3021009	PASS
Q3105347	PASS
Q3233951	PASS
Q65507656	PASS
Q112749413	PASS
Q318618	PASS
Q583305	PASS
Q675756	PASS
Q1069370	PASS
Q1069374	PASS
Q1069376	PASS
Q1121141	PASS
Q1121154	PASS
Q1121159	PASS
Q2490080	PASS
Q2711229	PASS
Q2962379	PASS
Q2962415	PASS
Q2989923	PASS
Q2989928	PASS
Q2989936	PASS
Q2989937	PASS
Q2990084	PASS
Q2990114	PASS
Q2990112	PASS
Q2990113	PASS
Q2990116	PASS
Q2990117	PASS
Q2990120	PASS
Q2990124	PASS
Q2990138	PASS
Q2990214	PASS
Q3055249	PASS
Q3359730	PASS
Q3487964	PASS
Q3562294	PASS
Q217599	PASS
Q758603	PASS
Q1380537	PASS
Q2181426	PASS
Q2911642	PASS
Q3007012	PASS
Q3007154	PASS
Q3060668	PASS
Q3119538	PASS
Q3146711	PASS
Q3162276	PASS
Q3196672	PASS
Q3257795	PASS
Q3321241	PASS
Q3337081	PASS
Q3345688	PASS
Q3368657	PASS
Q3484790	PASS
Q28134147	PASS
Q60964499	PASS
Q408396	PASS
Q794530	PASS
Q794563	PASS
Q941940	PASS
Q3108652	PASS
Q64079345	PASS
Q71116581	PASS
Q89200423	PASS
Q89913683	PASS
Q90016283	PASS
Q91634572	PASS
Q100706329	PASS
Q101239641	PASS
Q101407824	DROP	JUNK
Q102163541	PASS
Q104600156	PASS
Q104600544	PASS
Q104649900	PASS
Q104744254	PASS
Q104972220	PASS
Q105082480	PASS
Q105374666	PASS
Q105395978	PASS
Q111212527	PASS
Q113686692	PASS
Q115927114	PASS
Q116193091	PASS
Q120734335	PASS
Q120762716	PASS
Q120902507	PASS
Q121069178	PASS
Q121323223	PASS
Q122931917	PASS
Q125446765	PASS
Q127164489	PASS
Q127783208	PASS
Q128904090	PASS
Q130288466	PASS
Q130544592	PASS
Q131196262	PASS
Q132015915	DROP	JUNK
Q136374457	PASS
Q139098562	PASS
Q139670887	PASS
Q140391739	PASS
Q5501662	PASS
Q16764536	PASS
Q18913559	PASS
Q52884358	PASS
Q54354115	PASS
Q54742365	PASS
Q59546075	PASS
Q81418403	PASS
Q104804123	PASS
Q104828292	PASS
Q116206708	PASS
Q121150920	PASS
Q121151352	PASS
Q13646	PASS
Q108908961	PASS
Q108908983	PASS
Q108909127	PASS
Q113627811	DROP	PLACE
Q118918665	PASS
Q141175815	PASS
Q141181414	PASS
Q141195843	PASS
Q141196598	PASS
Q141205414	PASS
Q141205429	PASS
Q141345963	PASS
Q141349333	PASS
Q1023867	PASS
Q2989831	PASS
Q3100355	PASS
Q3220144	PASS
Q3488548	PASS
Q7477053	PASS
Q54912937	PASS
Q112085812	PASS
Q113544942	PASS
Q134973561	PASS
Q139676505	PASS
Q418002	PASS
Q2937746	PASS
Q3046068	PASS
Q3094588	PASS
Q3094613	PASS
Q3456876	PASS
Q3487836	PASS
Q3537962	PASS
Q3552648	PASS
Q18350363	PASS
Q18670279	PASS
Q27687025	PASS
Q28910305	PASS
Q28922252	PASS
Q32979361	PASS
Q51130487	PASS
Q75986811	PASS
Q91422328	DROP	JUNK
Q105103485	PASS
Q106820382	PASS
Q109744741	PASS
Q110514241	PASS
Q111727172	PASS
Q113438542	PASS
Q113527384	PASS
Q113945845	PASS
Q114002384	PASS
Q114836280	PASS
Q115680697	PASS
Q116689207	PASS
Q117841581	PASS
Q119522228	PASS
Q120491381	PASS
Q125757021	PASS
Q134201103	PASS
Q135091308	PASS
Q135645324	PASS
Q140287278	PASS
Q140307957	PASS
Q141128394	PASS
Q22248546	PASS
Q60474261	PASS
Q139819796	PASS
Q328194	PASS
Q494166	PASS
Q2923994	PASS
Q2924004	PASS
Q2924005	PASS
Q2924012	PASS
Q2924023	PASS
Q2924032	PASS
Q2924043	PASS
Q2924047	PASS
Q2924044	PASS
Q2924049	PASS
Q2924064	PASS
Q3334023	PASS
Q3475564	PASS
Q3578620	PASS
Q14627942	PASS
Q19660049	PASS
Q20475999	PASS
Q20971818	PASS
Q22979786	PASS
Q24034269	PASS
Q131220296	PASS
Q139669924	PASS
Q10939	PASS
Q636204	PASS
Q1708724	PASS
Q2921692	PASS
Q3148967	PASS
Q3339148	PASS
Q3349612	PASS
Q3354049	PASS
Q13230870	PASS
Q22921399	PASS
Q22922067	PASS
Q22922082	PASS
Q22924684	PASS
Q24932244	PASS
Q61344118	PASS
Q67990219	DROP	JUNK
Q117475674	PASS
Q122880128	PASS
Q124632565	PASS
Q136113125	PASS
Q40464	PASS
Q743565	PASS
Q1544011	PASS
Q2450848	PASS
Q2839496	PASS
Q2876680	PASS
Q3080756	PASS
Q3205955	PASS
Q3225114	PASS
Q3488561	PASS
Q3500948	PASS
Q3501079	PASS
Q3501083	PASS
Q3501084	PASS
Q3501085	PASS
Q19814222	PASS
Q19843719	PASS
Q21427557	PASS
Q21511428	PASS
Q28495285	PASS
Q28861916	PASS
Q47509008	PASS
Q48748611	PASS
Q50128931	PASS
Q64441569	PASS
Q65589412	PASS
Q69491547	PASS
Q69760253	PASS
Q99231745	PASS
Q101584142	PASS
Q105814704	PASS
Q106795865	PASS
Q108900316	PASS
Q109801648	PASS
Q109806525	PASS
Q109806680	PASS
Q110655754	PASS
Q111318000	PASS
Q111354152	PASS
Q111450406	PASS
Q111450567	PASS
Q111503897	PASS
Q114869235	PASS
Q115412793	PASS
Q115803054	PASS
Q115937333	PASS
Q115937337	PASS
Q117772963	PASS
Q120629822	PASS
Q120871337	PASS
Q122198177	PASS
Q126908734	PASS
Q127043408	PASS
Q132154221	PASS
Q135515952	PASS
Q135672387	PASS
Q136541771	PASS
Q137168617	PASS
Q139695878	DROP	PERSON
Q139695879	DROP	PERSON
Q139695876	DROP	PERSON
Q139695877	DROP	PERSON
Q139695882	DROP	PERSON
Q139695883	DROP	PERSON
Q139695880	DROP	PERSON
Q139695881	DROP	PERSON
Q139695887	DROP	PERSON
Q139695885	DROP	PERSON
Q139695890	DROP	PERSON
Q139695891	DROP	PERSON
Q139695889	DROP	PERSON
Q139695894	DROP	PERSON
Q139695895	DROP	PERSON
Q139695892	DROP	PERSON
Q139695893	DROP	PERSON
Q139695898	DROP	PERSON
Q139695899	DROP	PERSON
Q139695896	DROP	PERSON
Q139695897	DROP	PERSON
Q139695902	DROP	PERSON
Q139695900	DROP	PERSON
Q139695901	DROP	PERSON
Q140229394	PASS
Q140529968	PASS
Q737606	PASS
Q2376804	PASS
Q3020794	PASS
Q3095058	PASS
Q3117531	PASS
Q3278889	PASS
Q3330964	PASS
Q3331021	PASS
Q16540661	PASS
Q19952120	PASS
Q21511104	PASS
Q22921224	PASS
Q25395835	PASS
Q62390731	PASS
Q97365932	PASS
Q98374149	PASS
Q108900010	PASS
Q109445648	PASS
Q109845346	PASS
Q111513168	PASS
Q112055586	PASS
Q121126576	PASS
Q123438277	PASS
Q124419247	PASS
Q131218409	PASS
Q140321808	PASS
Q140528324	PASS
Q16638812	PASS
Q22924484	PASS
Q22924739	PASS
Q22934932	PASS
Q26846392	DROP	JUNK
Q64160796	PASS
Q111450347	PASS
Q131607712	PASS
Q139502954	PASS
Q141559499	PASS
Q1665109	PASS
Q2390480	PASS
Q2876718	PASS
Q2948618	PASS
Q2973178	PASS
Q2989909	PASS
Q3001891	PASS
Q3053983	PASS
Q3133425	PASS
Q3160378	PASS
Q3188109	PASS
Q3232642	PASS
Q4938519	PASS
Q4979346	PASS
Q5084016	PASS
Q5244791	PASS
Q5699030	PASS
Q7150929	PASS
Q16069544	PASS
Q16637274	PASS
Q16912042	PASS
Q16912041	PASS
Q18012418	PASS
Q18012416	PASS
Q18012430	PASS
Q18012442	PASS
Q18012440	PASS
Q20829326	PASS
Q21683785	PASS
Q24937949	PASS
Q28111489	PASS
Q30639195	PASS
Q97962372	PASS
Q97962557	PASS
Q109480484	PASS
Q121058094	PASS
Q121080438	PASS
Q121083183	PASS
Q121083405	PASS
Q121083836	PASS
Q121084441	PASS
Q121208085	PASS
Q2904638	PASS
Q2904636	PASS
Q2904651	DROP	JUNK
Q2974415	PASS
Q23068100	PASS
Q28861971	PASS
Q39075149	PASS
Q42384042	PASS
Q52992386	PASS
Q64699839	PASS
Q75167980	PASS
Q83379201	PASS
Q85744718	PASS
Q90924212	PASS
Q106750559	PASS
Q110607941	PASS
Q111986856	PASS
Q116690119	PASS
Q117824883	PASS
Q118247178	PASS
Q121300418	PASS
Q121301245	PASS
Q123129115	PASS
Q123524665	PASS
Q136541811	PASS
Q30737776	PASS
Q32560683	PASS
Q38851304	PASS
Q47153394	PASS
Q51205200	PASS
Q51206183	PASS
Q56260362	PASS
Q56585223	PASS
Q64524518	PASS
Q64596855	PASS
Q65152074	PASS
Q65157958	PASS
Q80455720	PASS
Q97293296	PASS
Q98496194	PASS
Q100258428	PASS
Q104643360	PASS
Q108928273	PASS
Q110752159	PASS
Q110925766	PASS
Q111658694	PASS
Q112769437	PASS
Q114961255	PASS
Q116294384	PASS
Q116841599	PASS
Q121034204	PASS
Q121885893	PASS
Q124055262	PASS
Q124566497	PASS
Q125926149	PASS
Q127659797	PASS
Q130297631	PASS
Q136214932	PASS
Q136559795	PASS
Q139659924	PASS
Q140465677	PASS
Q141146387	PASS
Q141648812	PASS
Q1702964	PASS
Q2971387	DROP	PLACE
Q3127268	PASS
Q3127274	PASS
Q3127279	PASS
Q3127283	PASS
Q3127280	PASS
Q3127286	PASS
Q3127287	PASS
Q3127284	PASS
Q3127291	PASS
Q3127288	PASS
Q3127289	PASS
Q3127292	PASS
Q3421572	PASS
Q5654229	PASS
Q14628585	PASS
Q16641301	PASS
Q17319854	PASS
Q17355296	PASS
Q17355297	PASS
Q120292399	PASS
Q139917119	PASS
Q675337	PASS
Q1207856	PASS
Q2740367	PASS
Q2869001	PASS
Q2921363	PASS
Q3307191	PASS
Q3560269	DROP	JUNK
Q3572714	PASS
Q7192476	PASS
Q17637942	PASS
Q25399502	PASS
Q27503584	PASS
Q56319039	PASS
Q106287337	PASS
Q111133850	PASS
Q112161418	PASS
Q116740694	PASS
Q3579315	PASS
Q3579350	PASS
Q3579348	PASS
Q22704389	PASS
Q62558102	PASS
Q105063985	PASS
Q105198596	PASS
Q109021520	PASS
Q113499843	PASS
Q115589499	PASS
Q138337400	PASS
Q139820781	PASS
Q140645829	PASS
Q141254343	PASS
Q141451694	PASS
Q141541566	PASS
Q579473	PASS
Q2990437	PASS
Q3087452	PASS
Q3343549	PASS
Q3349602	PASS
Q3570034	PASS
Q7085978	PASS
Q98845132	PASS
Q105200237	PASS
Q122153350	PASS
Q123364660	PASS
Q132059140	PASS
Q132107231	PASS
Q3068834	DROP	PLACE
Q3068832	DROP	PLACE
Q3068839	DROP	PLACE
Q3068837	DROP	PLACE
Q3068841	DROP	PLACE
Q3068848	DROP	PLACE
Q3068852	DROP	PLACE
Q3068853	DROP	PLACE
Q3068859	DROP	PLACE
Q3068857	DROP	PLACE
Q3068860	DROP	PLACE
Q3068861	DROP	PLACE
Q3068866	DROP	PLACE
Q3068865	DROP	PLACE
Q3068870	DROP	PLACE
Q3068869	DROP	PLACE
Q3068875	DROP	PLACE
Q3068872	DROP	PLACE
Q3068873	DROP	PLACE
Q3068878	DROP	PLACE
Q3068876	DROP	PLACE
Q3068882	DROP	PLACE
Q3068883	DROP	PLACE
Q3068880	DROP	PLACE
Q3068884	DROP	PLACE
Q3068891	DROP	PLACE
Q3068888	DROP	PLACE
Q3068895	DROP	PLACE
Q3068893	DROP	PLACE
Q3068899	DROP	PLACE
Q3068896	DROP	PLACE
Q3068897	DROP	PLACE
Q3068903	DROP	PLACE
Q3068904	DROP	PLACE
Q3068905	DROP	PLACE
Q3068908	DROP	PLACE
Q3068909	DROP	PLACE
Q3068912	DROP	PLACE
Q3068913	DROP	PLACE
Q3068917	DROP	PLACE
Q3068922	DROP	PLACE
Q3068921	DROP	PLACE
Q3068926	DROP	PLACE
Q3068925	DROP	PLACE
Q3068930	DROP	PLACE
Q3068928	DROP	PLACE
Q3068929	DROP	PLACE
Q3068934	DROP	PLACE
Q3068935	DROP	PLACE
Q3068932	DROP	PLACE
Q3068942	DROP	PLACE
Q3068946	DROP	PLACE
Q3068945	DROP	PLACE
Q3068949	DROP	PLACE
Q3068954	DROP	PLACE
Q3068958	DROP	PLACE
Q3068957	DROP	PLACE
Q3068963	DROP	PLACE
Q3115325	DROP	PLACE
Q3333434	DROP	PLACE
Q752519	DROP	PLACE
Q2396804	DROP	PLACE
Q2400427	DROP	PLACE
Q2402828	DROP	PLACE
Q3068830	DROP	PLACE
Q17629342	DROP	PLACE
Q13517710	DROP	PLACE
Q13517918	DROP	PLACE
Q13518170	DROP	PLACE
Q13518205	DROP	PLACE
Q13518228	DROP	PLACE
Q14627802	DROP	PLACE
Q14627828	DROP	PLACE
Q14627863	DROP	PLACE
Q14627881	DROP	PLACE
Q14627922	DROP	PLACE
Q14627924	DROP	PLACE
Q14627990	DROP	PLACE
Q15948421	DROP	PLACE
Q15948794	DROP	PLACE
Q15948796	DROP	PLACE
Q15948797	DROP	PLACE
Q15948800	DROP	PLACE
Q16008583	DROP	PLACE
Q16034594	DROP	PLACE
Q18515589	DROP	PLACE
Q18709564	DROP	PLACE
Q19501228	DROP	PLACE
Q20127528	DROP	PLACE
Q21027223	DROP	PLACE
Q21189843	DROP	PLACE
Q21667879	DROP	PLACE
Q22916081	DROP	PLACE
Q22916566	DROP	PLACE
Q22922416	DROP	PLACE
Q22922447	DROP	PLACE
Q22922597	DROP	PLACE
Q22922861	DROP	PLACE
Q22922954	DROP	PLACE
Q22923060	DROP	PLACE
Q22923126	DROP	PLACE
Q22923168	DROP	PLACE
Q22923733	DROP	PLACE
Q22924171	DROP	PLACE
Q22924172	DROP	PLACE
Q22924195	DROP	PLACE
Q22924249	DROP	PLACE
Q22924257	DROP	PLACE
Q22924280	DROP	PLACE
Q22925138	DROP	PLACE
Q22932928	DROP	PLACE
Q22935413	DROP	PLACE
Q22936697	DROP	PLACE
Q22940340	DROP	PLACE
Q22940804	DROP	PLACE
Q22940825	DROP	PLACE
Q22940856	DROP	PLACE
Q22950224	DROP	PLACE
Q22950266	DROP	PLACE
Q22950545	DROP	PLACE
Q22951927	DROP	PLACE
Q22952194	DROP	PLACE
Q22952974	DROP	PLACE
Q22952975	DROP	PLACE
Q22952980	DROP	PLACE
Q22959467	DROP	PLACE
Q22961453	DROP	PLACE
Q22961830	DROP	PLACE
Q22962115	DROP	PLACE
Q22963748	DROP	PLACE
Q22963878	DROP	PLACE
Q22965151	DROP	PLACE
Q22965732	DROP	PLACE
Q22965899	DROP	PLACE
Q22965979	DROP	PLACE
Q22965983	DROP	PLACE
Q22966099	DROP	PLACE
Q22966096	DROP	PLACE
Q22966097	DROP	PLACE
Q22966118	DROP	PLACE
Q22966122	DROP	PLACE
Q22966149	DROP	PLACE
Q22966260	DROP	PLACE
Q22966266	DROP	PLACE
Q22966378	DROP	PLACE
Q22966382	DROP	PLACE
Q22968242	DROP	PLACE
Q22975726	DROP	PLACE
Q22975729	DROP	PLACE
Q22976118	DROP	PLACE
Q22976138	DROP	PLACE
Q22976567	DROP	PLACE
Q22985990	DROP	PLACE
Q22992145	DROP	PLACE
Q22995195	DROP	PLACE
Q22995778	DROP	PLACE
Q22995851	DROP	PLACE
Q22995868	DROP	PLACE
Q22995874	DROP	PLACE
Q22996925	DROP	PLACE
Q22997292	DROP	PLACE
Q22997301	DROP	PLACE
Q22997338	DROP	PLACE
Q22997357	DROP	PLACE
Q22997434	DROP	PLACE
Q22998514	DROP	PLACE
Q27919509	DROP	PLACE
Q55092126	DROP	PLACE
Q55758324	DROP	PLACE
Q57389665	DROP	PLACE
Q58488564	DROP	PLACE
Q63413851	PASS
Q104437482	DROP	PLACE
Q105564092	DROP	PLACE
Q111209326	DROP	PLACE
Q113836235	DROP	PLACE
Q124283193	DROP	PLACE
Q125907747	DROP	PLACE
Q3127272	PASS
Q3127277	PASS
Q21027363	PASS
Q102276806	PASS
Q108857108	PASS
Q110474357	PASS
Q128033893	PASS
Q129073383	PASS
Q132087381	PASS
Q133248690	PASS
Q133249421	PASS
Q135819026	PASS
Q137049166	PASS
Q138464459	PASS
Q139601330	PASS
Q139785256	PASS
Q139901514	PASS
Q139973582	PASS
Q140072956	PASS
Q140374361	PASS
Q141135460	PASS
Q141500415	PASS
Q141528179	PASS
Q1924281	PASS
Q1935604	PASS
Q1997865	PASS
Q2049972	PASS
Q2055791	PASS
Q2100676	PASS
Q2204503	PASS
Q30291784	PASS
Q135190356	PASS
Q6686	PASS
Q6746	PASS
Q26944	PASS
Q27385	PASS
Q27401	PASS
Q27550	PASS
Q35931	PASS
Q41007	PASS
Q171487	PASS
Q173222	PASS
Q176035	PASS
Q225483	PASS
Q282395	PASS
Q288681	PASS
Q288694	PASS
Q405274	PASS
Q520263	PASS
Q527335	PASS
Q528706	PASS
Q539285	PASS
Q572981	PASS
Q1346243	PASS
Q1370323	PASS
Q1401349	PASS
Q1467616	PASS
Q1496316	PASS
Q1524543	PASS
Q1551521	PASS
Q1552789	PASS
Q1623998	PASS
Q1650644	PASS
Q1694360	PASS
Q1798908	PASS
Q1809736	DROP	JUNK
Q1810309	PASS
Q1877668	PASS
Q1878248	PASS
Q651443	PASS
Q686004	PASS
Q693001	PASS
Q739690	PASS
Q742909	PASS
Q751408	PASS
Q754109	PASS
Q758811	PASS
Q784931	PASS
Q786420	PASS
Q787523	PASS
Q787527	PASS
Q787547	PASS
Q787549	PASS
Q787558	PASS
Q787563	PASS
Q787572	PASS
Q787616	PASS
Q787627	PASS
Q787641	PASS
Q787660	PASS
Q787721	PASS
Q787757	PASS
Q787777	PASS
Q789528	PASS
Q822852	PASS
Q843965	PASS
Q887091	PASS
Q891341	PASS
Q892795	PASS
Q915170	PASS
Q951857	PASS
Q953675	PASS
Q953700	PASS
Q2439968	PASS
Q2447605	PASS
Q3020843	PASS
Q4688219	DROP	JUNK
Q4784666	DROP	JUNK
Q5376075	DROP	JUNK
Q5609743	DROP	JUNK
Q8277968	PASS
Q15304776	PASS
Q15679918	PASS
Q15784831	PASS
Q15788088	PASS
Q15804854	PASS
Q16040593	PASS
Q16855028	PASS
Q23048814	PASS
Q28600783	DROP	JUNK
Q42326532	PASS
Q98584518	PASS
Q105847289	PASS
Q107361066	PASS
Q108297162	PASS
Q117288311	PASS
Q120484081	PASS
Q962489	PASS
Q967402	PASS
Q971483	PASS
Q990944	PASS
Q1002112	PASS
Q1059098	PASS
Q1065061	PASS
Q1105247	PASS
Q1123635	PASS
Q1129740	PASS
Q1132789	PASS
Q1134163	PASS
Q1139442	PASS
Q1139699	PASS
Q1155609	PASS
Q1170033	PASS
Q1179850	PASS
Q1183905	PASS
Q1183915	PASS
Q1199946	PASS
Q1201942	PASS
Q1245066	PASS
Q1248636	PASS
Q1265873	PASS
Q2297140	PASS
Q2408194	PASS
Q650639	PASS
Q1633703	PASS
Q3287340	PASS
Q3290405	PASS
Q3296035	PASS
Q3302236	PASS
Q3310248	PASS
Q3312008	PASS
Q3313834	PASS
Q3314003	PASS
Q3321472	PASS
Q3324842	PASS
Q3325508	PASS
Q3327723	PASS
Q3329701	PASS
Q3332501	PASS
Q3336695	PASS
Q3338443	PASS
Q3339382	PASS
Q3342521	PASS
Q3345036	PASS
Q3345278	PASS
Q3345279	PASS
Q3345328	PASS
Q3347927	PASS
Q3349036	PASS
Q3352075	PASS
Q3357700	PASS
Q3373262	PASS
Q3377299	PASS
Q3377456	PASS
Q3388349	PASS
Q3390554	PASS
Q3391735	PASS
Q3392087	PASS
Q3392522	PASS
Q3399677	PASS
Q3402582	PASS
Q3402586	PASS
Q3402596	PASS
Q3409088	PASS
Q3410439	PASS
Q3411208	PASS
Q3416317	PASS
Q3417474	PASS
Q3418619	PASS
Q3441150	PASS
Q3470363	PASS
Q3506748	PASS
Q3518681	PASS
Q3526390	PASS
Q3538371	DROP	JUNK
Q30597808	PASS
Q109627072	PASS
Q894945	PASS
Q935891	PASS
Q1138556	PASS
Q1225116	PASS
Q1272548	PASS
Q1582074	PASS
Q1607703	PASS
Q1659658	PASS
Q1799264	PASS
Q1892146	PASS
Q3550694	PASS
Q3552182	PASS
Q3556497	PASS
Q3563761	PASS
Q3568152	PASS
Q3570962	PASS
Q3573399	PASS
Q3575195	PASS
Q3576279	PASS
Q3578301	PASS
Q3579123	PASS
Q3579198	PASS
Q3579197	PASS
Q3579203	PASS
Q3579210	PASS
Q3579215	PASS
Q3579224	PASS
Q3579225	PASS
Q3579230	PASS
Q3579228	PASS
Q3579229	PASS
Q3579242	PASS
Q3579243	PASS
Q3579241	PASS
Q3579246	PASS
Q3579251	PASS
Q3579248	PASS
Q3579255	PASS
Q3579253	PASS
Q3579266	PASS
Q3579264	PASS
Q3579273	PASS
Q3579282	PASS
Q3579284	PASS
Q3579291	PASS
Q3579300	PASS
Q3579311	PASS
Q3579312	PASS
Q3579318	PASS
Q3579322	PASS
Q3579320	PASS
Q3579326	PASS
Q3579327	PASS
Q3579324	PASS
Q3579331	PASS
Q3579335	PASS
Q3579332	PASS
Q3579339	PASS
Q3579336	PASS
Q3579346	PASS
Q3579344	PASS
Q3579352	PASS
Q3579365	PASS
Q3579371	PASS
Q3579378	PASS
Q3579376	PASS
Q3579383	PASS
Q3579390	PASS
Q3579392	PASS
Q3579399	PASS
Q3579411	PASS
Q3579408	PASS
Q3579416	PASS
Q3579422	PASS
Q3579423	PASS
Q3579420	PASS
Q3579421	PASS
Q3579431	PASS
Q3579428	PASS
Q3579435	PASS
Q3579439	PASS
Q3579436	PASS
Q3579437	PASS
Q3579441	PASS
Q3579462	PASS
Q3579467	PASS
Q3579464	PASS
Q3579478	PASS
Q3579476	PASS
Q3579477	PASS
Q3579482	PASS
Q3579481	PASS
